{"format":3,"revision":"2024.11.23","sequenced":true,"author":"Kaikki-to-Yomitan contributors","url":"https://github.com/yomidevs/kaikki-to-yomitan","description":"Dictionaries for various language pairs generated from Wiktionary data, via Kaikki and Kaikki-to-Yomitan.","attribution":"https://kaikki.org/","sourceLanguage":"en","targetLanguage":"ja","title":"kty-en-ja","isUpdatable":true,"indexUrl":"https://github.com/yomidevs/kaikki-to-yomitan/releases/latest/download/kty-en-ja-index.json","downloadUrl":"https://github.com/yomidevs/kaikki-to-yomitan/releases/latest/download/kty-en-ja.zip"}