{"format":3,"revision":"2025.01.26","sequenced":true,"author":"Kaikki-to-Yomitan contributors","url":"https://github.com/yomidevs/kaikki-to-yomitan","description":"Dictionaries for various language pairs generated from Wiktionary data, via Kaikki and Kaikki-to-Yomitan.","attribution":"https://kaikki.org/","sourceLanguage":"fr","targetLanguage":"en","title":"kty-fr-en","isUpdatable":true,"indexUrl":"https://github.com/yomidevs/kaikki-to-yomitan/releases/latest/download/kty-fr-en-index.json","downloadUrl":"https://github.com/yomidevs/kaikki-to-yomitan/releases/latest/download/kty-fr-en.zip"}